<beans xmlns="http://www.springframework.org/schema/beans"
	xmlns:xsi="http://www.w3.org/2001/XMLSchema-instance"
	xmlns:hz="http://www.hazelcast.com/schema/spring"
	xsi:schemaLocation="http://www.springframework.org/schema/beans
	    http://www.springframework.org/schema/beans/spring-beans.xsd
		http://www.hazelcast.com/schema/spring
        http://www.hazelcast.com/schema/spring/hazelcast-spring-3.2.xsd">

	<hz:map id="customerMap" name="customerMap" instance-ref="instance" />

	<hz:hazelcast id="instance">
	    <hz:config>

	    	<hz:instance-name>${hz.instance.name}</hz:instance-name>

	        <hz:group name="${hz.group.name}" password="${hz.group.password}"/>

	        <hz:network port="${hz.network.port}" port-auto-increment="${hz.network.port.auto.increment}">
	            <hz:join>
	                <hz:tcp-ip enabled="${hz.tcp.ip.enabled}">
	                    <hz:members>${hz.members}</hz:members>
	                </hz:tcp-ip>
	            </hz:join>
	        </hz:network>
	        
	        <hz:map name="customerMap">
		        <hz:map-store write-delay-seconds="0" class-name="com.hazelcast.springHibernate.CustomerMapLoader" enabled="true" />
		    </hz:map>
	        
	    </hz:config>
		    
	</hz:hazelcast>

    <hz:hibernate-region-factory id="regionFactory" instance-ref="instance"></hz:hibernate-region-factory>

</beans>
