<?xml version="1.0" encoding="UTF-8"?>
<beans xmlns="http://www.springframework.org/schema/beans"
	   xmlns:xsi="http://www.w3.org/2001/XMLSchema-instance"
	   xmlns:context="http://www.springframework.org/schema/context"
	   xmlns:p="http://www.springframework.org/schema/p"
	   xmlns:batch="http://www.springframework.org/schema/batch"
	   xmlns:tx="http://www.springframework.org/schema/tx"
	   xsi:schemaLocation="http://www.springframework.org/schema/beans
	                        http://www.springframework.org/schema/beans/spring-beans.xsd
							http://www.springframework.org/schema/context
							http://www.springframework.org/schema/context/spring-context.xsd
							http://www.springframework.org/schema/batch 
                			http://www.springframework.org/schema/batch/spring-batch.xsd
                			http://www.springframework.org/schema/tx 
		        			http://www.springframework.org/schema/tx/spring-tx.xsd">

    <!-- Enable the configuration of transactional behavior based on annotations -->
    <tx:annotation-driven transaction-manager="transactionManager" proxy-target-class="true"/>
    
    <!-- Data Source Declaration -->
    <bean id="dataSource" class="org.springframework.jdbc.datasource.DriverManagerDataSource">
        <property name="driverClassName" value="org.apache.derby.jdbc.EmbeddedDriver" />
        <property name="url" value="jdbc:derby:springHibernateDB" />
    </bean>
	
    <!-- Session Factory Declaration -->
	<bean id="sessionFactory" class="org.springframework.orm.hibernate3.LocalSessionFactoryBean" scope="singleton">
		<property name="dataSource" ref="dataSource" />
        <property name="cacheRegionFactory" ref="regionFactory" />
        <property name="mappingResources">
            <list>
                <value>Customer.hbm.xml</value>
            </list>
        </property>
		<property name="hibernateProperties">
			<props>
				<prop key="hibernate.dialect">org.hibernate.dialect.DerbyDialect</prop>
				<prop key="hibernate.show_sql">true</prop>
			</props>
		</property>
	</bean>

	<!-- Transaction Manager Declaration -->
    <bean id="transactionManager" class="org.springframework.orm.hibernate3.HibernateTransactionManager">
       <property name="sessionFactory" ref="sessionFactory"/>
    </bean>
    
</beans>
