<hazelcast xmlns:xsi="http://www.w3.org/2001/XMLSchema-instance"
           xsi:schemaLocation="http://www.hazelcast.com/schema/config
                               http://www.hazelcast.com/schema/config/hazelcast-config-3.2.xsd"
           xmlns="http://www.hazelcast.com/schema/config">
    <network>
        <join>
            <multicast enabled="true"/>
        </join>
        <symmetric-encryption enabled="true">
            <algorithm>PBEWithMD5AndDES</algorithm>
            <salt>somesalt</salt>
            <password>somepass</password>
            <iteration-count>19</iteration-count>
        </symmetric-encryption>
    </network>
</hazelcast>