<?xml version="1.0" encoding="UTF-8"?>
<!--
  ~ Copyright (c) 2008-2013, Hazelcast, Inc. All Rights Reserved.
  ~
  ~ Licensed under the Apache License, Version 2.0 (the "License");
  ~ you may not use this file except in compliance with the License.
  ~ You may obtain a copy of the License at
  ~
  ~ http://www.apache.org/licenses/LICENSE-2.0
  ~
  ~ Unless required by applicable law or agreed to in writing, software
  ~ distributed under the License is distributed on an "AS IS" BASIS,
  ~ WITHOUT WARRANTIES OR CONDITIONS OF ANY KIND, either express or implied.
  ~ See the License for the specific language governing permissions and
  ~ limitations under the License.
  -->

<hazelcast-client xsi:schemaLocation="http://www.hazelcast.com/schema/client-config hazelcast-client-config-3.3.xsd"
                  xmlns="http://www.hazelcast.com/schema/client-config"
                  xmlns:xsi="http://www.w3.org/2001/XMLSchema-instance">

    <group>
        <name>cluster2</name>
        <password>cluster2pass</password>
    </group>

    <network>
        <cluster-members>
            <address>127.0.0.1:5702</address>
        </cluster-members>
    </network>

</hazelcast-client>
