<hazelcast xmlns:xsi="http://www.w3.org/2001/XMLSchema-instance"
           xsi:schemaLocation="http://www.hazelcast.com/schema/config
                               http://www.hazelcast.com/schema/config/hazelcast-config-3.2.xsd"
           xmlns="http://www.hazelcast.com/schema/config">
    <network>
        <join>
            <aws enabled="true">
                <access-key>my-access-key</access-key>
                <secret-key>my-secret-key</secret-key>
                <region>us-east-1</region>
                <security-group-name>peter</security-group-name>
                <tag-key>type</tag-key>
                <tag-value>hz-nodes</tag-value>
            </aws>
        </join>
    </network>
</hazelcast>